{"cameraMode":{"drawMode":0,"name":"Shaded","section":"Shading Mode"},"sceneLighting":false,"audioPlay":false,"sceneViewState":{"showFog":false,"showMaterialUpdate":false,"showSkybox":false,"showFlares":false,"showImageEffects":false,"showParticleSystems":false},"in2DMode":false,"pivot":{"x":0.0,"y":0.16039900481700898,"z":0.017604291439056398},"rotation":{"x":0.1907147318124771,"y":0.3862455189228058,"z":-0.08196213841438294,"w":0.898734986782074},"size":0.9774083495140076,"orthographic":false}