{"cameraMode":{"drawMode":0,"name":"Shaded","section":"Shading Mode"},"sceneLighting":false,"audioPlay":false,"sceneViewState":{"showFog":false,"showMaterialUpdate":false,"showSkybox":false,"showFlares":false,"showImageEffects":false,"showParticleSystems":false},"in2DMode":false,"pivot":{"x":0.0,"y":0.5193582773208618,"z":-0.026215076446533204},"rotation":{"x":0.04408164694905281,"y":0.015884067863225938,"z":-0.0007005023653618991,"w":0.9989014267921448},"size":2.3393869400024416,"orthographic":false}