{"cameraMode":{"drawMode":0,"name":"Shaded","section":"Shading Mode"},"sceneLighting":false,"audioPlay":false,"sceneViewState":{"showFog":false,"showMaterialUpdate":false,"showSkybox":true,"showFlares":false,"showImageEffects":false,"showParticleSystems":false},"in2DMode":false,"pivot":{"x":78.83378601074219,"y":30.105655670166017,"z":135.56069946289063},"rotation":{"x":-0.017722634598612787,"y":-0.8460891842842102,"z":0.5320005416870117,"w":-0.028185967355966569},"size":196.95550537109376,"orthographic":false}