{"cameraMode":{"drawMode":0,"name":"Shaded","section":"Shading Mode"},"sceneLighting":false,"audioPlay":false,"sceneViewState":{"showFog":false,"showMaterialUpdate":false,"showSkybox":false,"showFlares":false,"showImageEffects":false,"showParticleSystems":false},"in2DMode":false,"pivot":{"x":0.011480152606964112,"y":0.0036824122071266176,"z":-0.009086370468139649},"rotation":{"x":0.18138764798641206,"y":0.4150073826313019,"z":-0.08481784164905548,"w":0.8875096440315247},"size":0.2677619159221649,"orthographic":false}